plate,legal,personalize,meaning,explanation
1TWIN,1,1,"Twins",Legal as it refers to twins without offensive or harmful connotations.
11VROD,1,1,"Motorcycle",Legal likely referring to a type of Harley-Davidson motorcycle (V-Rod).
4SKNMC,1,1,"For skin care",Legal, refers to a skincare-related term without offensive intent.
7IRON6,1,1,"Golf or Strength",Legal, could refer to a golf club or strength metaphorically, not offensive.
FINALI,1,1,"Finale or Finish",Legal, refers to something final or concluding, not offensive.
GOKEY,1,1,"Motivation",Legal, motivational or encouraging without offensive connotation.
TLR,1,1,"Trailer",Legal, likely referencing trailers, which is not offensive.
TRM,1,1,"Term or Trim",Legal, could refer to either academic terms or vehicle trim, neither offensive.
G1DBE,1,1,"God be",Legal, likely referencing faith or spiritual belief, not offensive.
UBPHD,1,1,"Doctorate degree",Legal, referencing academic achievement, which is not offensive.
CCNMO,1,1,"Canon Missouri",Legal, possibly referencing a location or brand, not offensive.
CEF1A1,1,1,"Gene or Code",Legal, possibly referencing genetics or coding, not offensive.
VSPA,1,1,"Veterinary SPA",Legal, could reference veterinary services, not offensive.
WS28,1,1,"Code",Legal, a likely neutral or personal code without offensive meaning.
DASH2,1,1,"Speed or Energy",Legal, could metaphorically reference speed or energy, not offensive.
ELIE,1,1,"Personal Name",Legal, likely a personal name, not offensive.
2CHARM,1,1,"Second charm",Legal, motivational or encouraging, not offensive.
2TWINS,1,1,"Two twins",Legal, directly referencing twins, not offensive.
K2JFK,1,1,"Mountain to JFK",Legal, likely referencing a route or location, not offensive.
4LOU4,1,1,"For Lou",Legal, likely a personal dedication, not offensive.
4LUCK,1,1,"For Luck",Legal, motivational or symbolic, not offensive.
77OH7,1,1,"Numbers game",Legal, numerically creative without offensive connotations.
ML350,1,1,"Mercedes-Benz model",Legal, referencing a vehicle model, not offensive.
MMFP,1,1,"Initials or Code",Legal, likely personal initials or codes, not offensive.
MOYER,1,1,"Personal Name",Legal, likely referencing a personal name, not offensive.
NIPA,1,1,"Personal or Location",Legal, could refer to a location or a personal reference.
NYVP2,1,1,"NY Vice President",Legal, potentially referencing a title, not offensive.
NYY347,1,1,"NY Yankees 347",Legal, likely referencing a sports team, not offensive.
PR1999,1,1,"Puerto Rico 1999",Legal, likely referencing a place or date, not offensive.
PURR,1,1,"Sound of cats",Legal, referencing cats' sound, which is not offensive.
AACVI,1,1,"Medical Association",Legal, possibly referencing a professional organization.
ABL34,1,1,"Personal Code",Legal, likely a personal or custom code, not offensive.
SJPCADET,1,1,"St. John's Prep Cadet",Legal, likely referencing a school or military cadet, not offensive.
SKINSCHL,1,1,"Skin School",Legal, likely referencing a school or training, not offensive.
SKOERTS,1,1,"Sports",Legal, likely referencing sports, not offensive.
EZEL07,1,1,"Ezel reference",Legal, possibly a personal reference, not offensive.
SLOVE,1,1,"Love for S",Legal, referencing love, which is not offensive.
SMOVADO,1,1,"Movado brand",Legal, likely referencing the Movado watch brand, not offensive.
ALL4RISA,1,1,"All for Risa",Legal, likely a dedication or motivational, not offensive.
SONIDO1,1,1,"Sound",Legal, means 'sound' in Spanish, not offensive.
ALWL,1,1,"Always",Legal, motivational, referencing 'always', not offensive.
AMTF168,1,1,"Custom code",Legal, likely personal or organizational, not offensive.
SPYGURL,1,1,"Spy Girl",Legal, creative referencing of a 'spy girl', not offensive.
FEARJAH,1,1,"Fear God Jah",Legal, referencing religious or spiritual beliefs, not offensive.
ARMYNG,1,1,"Army NG",Legal, likely referring to National Guard, not offensive.
FLASHBK2,1,1,"Flashback 2",Legal, creative referencing a memory, not offensive.
FORDPOWR,1,1,"Ford Power",Legal, likely a fan of Ford vehicles, not offensive.
A75,1,1,"Custom code",Legal, likely personal or numerical reference, not offensive.
A752,1,1,"Custom code",Legal, likely personal or numerical reference, not offensive.
BABYEVO,1,1,"Baby Evolution",Legal, creative and motivational, not offensive.
